<code_scheme name="tabs" version="173">
  <option name="OTHER_INDENT_OPTIONS">
    <value>
      <option name="INDENT_SIZE" value="2" />
      <option name="CONTINUATION_INDENT_SIZE" value="2" />
      <option name="TAB_SIZE" value="2" />
      <option name="USE_TAB_CHARACTER" value="true" />
    </value>
  </option>
  <option name="LINE_SEPARATOR" value="&#10;" />
  <option name="RIGHT_MARGIN" value="160" />
  <option name="FORMATTER_TAGS_ENABLED" value="true" />
  <option name="FORMATTER_ON_TAG" value="FORMATTER:ON" />
  <option name="FORMATTER_OFF_TAG" value="FORMATTER:OFF" />
  <option name="KEEP_BLANK_LINES_IN_DECLARATIONS" value="0" />
  <option name="KEEP_BLANK_LINES_IN_CODE" value="1" />
  <option name="KEEP_BLANK_LINES_BEFORE_RBRACE" value="0" />
  <CssCodeStyleSettings>
    <option name="HEX_COLOR_UPPER_CASE" value="true" />
    <option name="HEX_COLOR_LONG_FORMAT" value="true" />
  </CssCodeStyleSettings>
  <DB2CodeStyleSettings version="0">
    <option name="myVersion" value="0" />
    <option name="ALIAS_CASE" value="4" />
    <option name="TYPE_CASE" value="3" />
    <option name="QUERY_TRUE_INDENT" value="false" />
    <option name="QUERY_ALIGN_ELEMENTS" value="false" />
    <option name="QUERY_ALIGN_LINE_COMMENTS" value="false" />
    <option name="INSERT_EL_COMMA" value="2" />
    <option name="SET_EL_WRAP" value="0" />
    <option name="SET_EL_COMMA" value="0" />
    <option name="WITH_EL_WRAP" value="0" />
    <option name="WITH_EL_COMMA" value="0" />
    <option name="SELECT_EL_WRAP" value="3" />
    <option name="SELECT_EL_COMMA" value="2" />
    <option name="FROM_EL_WRAP" value="2" />
    <option name="FROM_EL_COMMA" value="2" />
    <option name="FROM_PLACE_ON" value="10" />
    <option name="WHERE_EL_WRAP" value="3" />
    <option name="WHERE_EL_BOUND" value="2" />
    <option name="ORDER_EL_COMMA" value="2" />
    <option name="TABLE_OPENING" value="1" />
    <option name="TABLE_CONTENT" value="2" />
    <option name="TABLE_CLOSING" value="3" />
    <option name="TABLE_ALTER_INSTRUCTION_ALIGN" value="false" />
    <option name="POST_OPT_WRAP_1" value="true" />
    <option name="POST_OPT_ALIGN" value="false" />
    <option name="ROUTINE_ARG_COMMA" value="2" />
    <option name="ROUTINE_ARG_ALIGN_TYPES" value="true" />
    <option name="IMP_DECLARE_EL_WRAP" value="1" />
    <option name="IMP_IF_THEN_WRAP_THEN" value="true" />
    <option name="CORTEGE_SPACE_BEFORE_L_PAREN" value="false" />
    <option name="EXPR_CASE_WHEN_WRAP" value="false" />
    <option name="EXPR_CASE_THEN_WRAP" value="true" />
    <option name="PRIMARY_KEY_NAME_TEMPLATE" value="{table}_{columns}_pk" />
  </DB2CodeStyleSettings>
  <DerbyCodeStyleSettings version="0">
    <option name="myVersion" value="0" />
    <option name="ALIAS_CASE" value="4" />
    <option name="TYPE_CASE" value="3" />
    <option name="QUERY_TRUE_INDENT" value="false" />
    <option name="QUERY_ALIGN_ELEMENTS" value="false" />
    <option name="QUERY_ALIGN_LINE_COMMENTS" value="false" />
    <option name="INSERT_EL_COMMA" value="2" />
    <option name="SET_EL_WRAP" value="0" />
    <option name="SET_EL_COMMA" value="0" />
    <option name="WITH_EL_WRAP" value="0" />
    <option name="WITH_EL_COMMA" value="0" />
    <option name="SELECT_EL_WRAP" value="3" />
    <option name="SELECT_EL_COMMA" value="2" />
    <option name="FROM_EL_WRAP" value="2" />
    <option name="FROM_EL_COMMA" value="2" />
    <option name="FROM_PLACE_ON" value="10" />
    <option name="WHERE_EL_WRAP" value="3" />
    <option name="WHERE_EL_BOUND" value="2" />
    <option name="ORDER_EL_COMMA" value="2" />
    <option name="TABLE_OPENING" value="1" />
    <option name="TABLE_CONTENT" value="2" />
    <option name="TABLE_CLOSING" value="3" />
    <option name="TABLE_ALTER_INSTRUCTION_ALIGN" value="false" />
    <option name="POST_OPT_WRAP_1" value="true" />
    <option name="POST_OPT_ALIGN" value="false" />
    <option name="ROUTINE_ARG_COMMA" value="2" />
    <option name="ROUTINE_ARG_ALIGN_TYPES" value="true" />
    <option name="IMP_DECLARE_EL_WRAP" value="1" />
    <option name="IMP_IF_THEN_WRAP_THEN" value="true" />
    <option name="CORTEGE_SPACE_BEFORE_L_PAREN" value="false" />
    <option name="EXPR_CASE_WHEN_WRAP" value="false" />
    <option name="EXPR_CASE_THEN_WRAP" value="true" />
    <option name="PRIMARY_KEY_NAME_TEMPLATE" value="{table}_{columns}_pk" />
  </DerbyCodeStyleSettings>
  <H2CodeStyleSettings version="0">
    <option name="myVersion" value="0" />
    <option name="ALIAS_CASE" value="4" />
    <option name="TYPE_CASE" value="3" />
    <option name="QUERY_TRUE_INDENT" value="false" />
    <option name="QUERY_ALIGN_ELEMENTS" value="false" />
    <option name="QUERY_ALIGN_LINE_COMMENTS" value="false" />
    <option name="INSERT_EL_COMMA" value="2" />
    <option name="SET_EL_WRAP" value="0" />
    <option name="SET_EL_COMMA" value="0" />
    <option name="WITH_EL_WRAP" value="0" />
    <option name="WITH_EL_COMMA" value="0" />
    <option name="SELECT_EL_WRAP" value="3" />
    <option name="SELECT_EL_COMMA" value="2" />
    <option name="FROM_EL_WRAP" value="2" />
    <option name="FROM_EL_COMMA" value="2" />
    <option name="FROM_PLACE_ON" value="10" />
    <option name="WHERE_EL_WRAP" value="3" />
    <option name="WHERE_EL_BOUND" value="2" />
    <option name="ORDER_EL_COMMA" value="2" />
    <option name="TABLE_OPENING" value="1" />
    <option name="TABLE_CONTENT" value="2" />
    <option name="TABLE_CLOSING" value="3" />
    <option name="TABLE_ALTER_INSTRUCTION_ALIGN" value="false" />
    <option name="POST_OPT_WRAP_1" value="true" />
    <option name="POST_OPT_ALIGN" value="false" />
    <option name="ROUTINE_ARG_COMMA" value="2" />
    <option name="ROUTINE_ARG_ALIGN_TYPES" value="true" />
    <option name="IMP_DECLARE_EL_WRAP" value="1" />
    <option name="IMP_IF_THEN_WRAP_THEN" value="true" />
    <option name="CORTEGE_SPACE_BEFORE_L_PAREN" value="false" />
    <option name="EXPR_CASE_WHEN_WRAP" value="false" />
    <option name="EXPR_CASE_THEN_WRAP" value="true" />
    <option name="PRIMARY_KEY_NAME_TEMPLATE" value="{table}_{columns}_pk" />
  </H2CodeStyleSettings>
  <HSQLCodeStyleSettings version="0">
    <option name="myVersion" value="0" />
    <option name="ALIAS_CASE" value="4" />
    <option name="TYPE_CASE" value="3" />
    <option name="QUERY_TRUE_INDENT" value="false" />
    <option name="QUERY_ALIGN_ELEMENTS" value="false" />
    <option name="QUERY_ALIGN_LINE_COMMENTS" value="false" />
    <option name="INSERT_EL_COMMA" value="2" />
    <option name="SET_EL_WRAP" value="0" />
    <option name="SET_EL_COMMA" value="0" />
    <option name="WITH_EL_WRAP" value="0" />
    <option name="WITH_EL_COMMA" value="0" />
    <option name="SELECT_EL_WRAP" value="3" />
    <option name="SELECT_EL_COMMA" value="2" />
    <option name="FROM_EL_WRAP" value="2" />
    <option name="FROM_EL_COMMA" value="2" />
    <option name="FROM_PLACE_ON" value="10" />
    <option name="WHERE_EL_WRAP" value="3" />
    <option name="WHERE_EL_BOUND" value="2" />
    <option name="ORDER_EL_COMMA" value="2" />
    <option name="TABLE_OPENING" value="1" />
    <option name="TABLE_CONTENT" value="2" />
    <option name="TABLE_CLOSING" value="3" />
    <option name="TABLE_ALTER_INSTRUCTION_ALIGN" value="false" />
    <option name="POST_OPT_WRAP_1" value="true" />
    <option name="POST_OPT_ALIGN" value="false" />
    <option name="ROUTINE_ARG_COMMA" value="2" />
    <option name="ROUTINE_ARG_ALIGN_TYPES" value="true" />
    <option name="IMP_DECLARE_EL_WRAP" value="1" />
    <option name="IMP_IF_THEN_WRAP_THEN" value="true" />
    <option name="CORTEGE_SPACE_BEFORE_L_PAREN" value="false" />
    <option name="EXPR_CASE_WHEN_WRAP" value="false" />
    <option name="EXPR_CASE_THEN_WRAP" value="true" />
    <option name="PRIMARY_KEY_NAME_TEMPLATE" value="{table}_{columns}_pk" />
  </HSQLCodeStyleSettings>
  <HTMLCodeStyleSettings>
    <option name="HTML_ATTRIBUTE_WRAP" value="2" />
    <option name="HTML_KEEP_LINE_BREAKS" value="false" />
    <option name="HTML_KEEP_LINE_BREAKS_IN_TEXT" value="false" />
    <option name="HTML_KEEP_BLANK_LINES" value="1" />
    <option name="HTML_ALIGN_ATTRIBUTES" value="false" />
    <option name="HTML_SPACE_INSIDE_EMPTY_TAG" value="true" />
    <option name="HTML_ELEMENTS_TO_INSERT_NEW_LINE_BEFORE" value="body,form,h1,h2,h3,div,p" />
    <option name="HTML_ELEMENTS_TO_REMOVE_NEW_LINE_BEFORE" value=",br" />
    <option name="HTML_DO_NOT_INDENT_CHILDREN_OF" value="" />
    <option name="HTML_KEEP_WHITESPACES_INSIDE" value="pre,span" />
    <option name="HTML_NEWLINE_BEFORE_FIRST_ATTRIBUTE" value="When multiline" />
    <option name="HTML_NEWLINE_AFTER_LAST_ATTRIBUTE" value="When multiline" />
  </HTMLCodeStyleSettings>
  <JSCodeStyleSettings version="0">
    <option name="OBJECT_LITERAL_WRAP" value="2" />
  </JSCodeStyleSettings>
  <JavaCodeStyleSettings>
    <option name="SPACE_AFTER_CLOSING_ANGLE_BRACKET_IN_TYPE_ARGUMENT" value="true" />
  </JavaCodeStyleSettings>
  <MSSQLCodeStyleSettings version="0">
    <option name="myVersion" value="0" />
    <option name="ALIAS_CASE" value="4" />
    <option name="TYPE_CASE" value="3" />
    <option name="QUERY_TRUE_INDENT" value="false" />
    <option name="QUERY_ALIGN_ELEMENTS" value="false" />
    <option name="QUERY_ALIGN_LINE_COMMENTS" value="false" />
    <option name="INSERT_EL_COMMA" value="2" />
    <option name="SET_EL_WRAP" value="0" />
    <option name="SET_EL_COMMA" value="0" />
    <option name="WITH_EL_WRAP" value="0" />
    <option name="WITH_EL_COMMA" value="0" />
    <option name="SELECT_EL_WRAP" value="3" />
    <option name="SELECT_EL_COMMA" value="2" />
    <option name="FROM_EL_WRAP" value="2" />
    <option name="FROM_EL_COMMA" value="2" />
    <option name="FROM_PLACE_ON" value="10" />
    <option name="WHERE_EL_WRAP" value="3" />
    <option name="WHERE_EL_BOUND" value="2" />
    <option name="ORDER_EL_COMMA" value="2" />
    <option name="TABLE_OPENING" value="1" />
    <option name="TABLE_CONTENT" value="2" />
    <option name="TABLE_CLOSING" value="3" />
    <option name="TABLE_ALTER_INSTRUCTION_ALIGN" value="false" />
    <option name="POST_OPT_WRAP_1" value="true" />
    <option name="POST_OPT_ALIGN" value="false" />
    <option name="ROUTINE_ARG_COMMA" value="2" />
    <option name="ROUTINE_ARG_ALIGN_TYPES" value="true" />
    <option name="IMP_DECLARE_EL_WRAP" value="1" />
    <option name="IMP_IF_THEN_WRAP_THEN" value="true" />
    <option name="CORTEGE_SPACE_BEFORE_L_PAREN" value="false" />
    <option name="EXPR_CASE_WHEN_WRAP" value="false" />
    <option name="EXPR_CASE_THEN_WRAP" value="true" />
    <option name="PRIMARY_KEY_NAME_TEMPLATE" value="{table}_{columns}_pk" />
  </MSSQLCodeStyleSettings>
  <MySQLCodeStyleSettings version="0">
    <option name="myVersion" value="0" />
    <option name="ALIAS_CASE" value="4" />
    <option name="TYPE_CASE" value="3" />
    <option name="QUERY_TRUE_INDENT" value="false" />
    <option name="QUERY_ALIGN_ELEMENTS" value="false" />
    <option name="QUERY_ALIGN_LINE_COMMENTS" value="false" />
    <option name="INSERT_EL_COMMA" value="2" />
    <option name="SET_EL_WRAP" value="0" />
    <option name="SET_EL_COMMA" value="0" />
    <option name="WITH_EL_WRAP" value="0" />
    <option name="WITH_EL_COMMA" value="0" />
    <option name="SELECT_EL_WRAP" value="3" />
    <option name="SELECT_EL_COMMA" value="2" />
    <option name="FROM_EL_WRAP" value="2" />
    <option name="FROM_EL_COMMA" value="2" />
    <option name="FROM_PLACE_ON" value="10" />
    <option name="WHERE_EL_WRAP" value="3" />
    <option name="WHERE_EL_BOUND" value="2" />
    <option name="ORDER_EL_COMMA" value="2" />
    <option name="TABLE_OPENING" value="1" />
    <option name="TABLE_CONTENT" value="2" />
    <option name="TABLE_CLOSING" value="3" />
    <option name="TABLE_ALTER_INSTRUCTION_ALIGN" value="false" />
    <option name="POST_OPT_WRAP_1" value="true" />
    <option name="POST_OPT_ALIGN" value="false" />
    <option name="ROUTINE_ARG_COMMA" value="2" />
    <option name="ROUTINE_ARG_ALIGN_TYPES" value="true" />
    <option name="IMP_DECLARE_EL_WRAP" value="1" />
    <option name="IMP_IF_THEN_WRAP_THEN" value="true" />
    <option name="CORTEGE_SPACE_BEFORE_L_PAREN" value="false" />
    <option name="EXPR_CASE_WHEN_WRAP" value="false" />
    <option name="EXPR_CASE_THEN_WRAP" value="true" />
    <option name="PRIMARY_KEY_NAME_TEMPLATE" value="{table}_{columns}_pk" />
  </MySQLCodeStyleSettings>
  <OracleCodeStyleSettings version="0">
    <option name="myVersion" value="0" />
    <option name="ALIAS_CASE" value="4" />
    <option name="TYPE_CASE" value="3" />
    <option name="QUERY_TRUE_INDENT" value="false" />
    <option name="QUERY_ALIGN_ELEMENTS" value="false" />
    <option name="QUERY_ALIGN_LINE_COMMENTS" value="false" />
    <option name="INSERT_EL_COMMA" value="2" />
    <option name="SET_EL_WRAP" value="0" />
    <option name="SET_EL_COMMA" value="0" />
    <option name="WITH_EL_WRAP" value="0" />
    <option name="WITH_EL_COMMA" value="0" />
    <option name="SELECT_EL_WRAP" value="3" />
    <option name="SELECT_EL_COMMA" value="2" />
    <option name="FROM_EL_WRAP" value="2" />
    <option name="FROM_EL_COMMA" value="2" />
    <option name="FROM_PLACE_ON" value="10" />
    <option name="WHERE_EL_WRAP" value="3" />
    <option name="WHERE_EL_BOUND" value="2" />
    <option name="ORDER_EL_COMMA" value="2" />
    <option name="TABLE_OPENING" value="1" />
    <option name="TABLE_CONTENT" value="2" />
    <option name="TABLE_CLOSING" value="3" />
    <option name="TABLE_ALTER_INSTRUCTION_ALIGN" value="false" />
    <option name="POST_OPT_WRAP_1" value="true" />
    <option name="POST_OPT_ALIGN" value="false" />
    <option name="ROUTINE_ARG_COMMA" value="2" />
    <option name="ROUTINE_ARG_ALIGN_TYPES" value="true" />
    <option name="IMP_DECLARE_EL_WRAP" value="1" />
    <option name="IMP_IF_THEN_WRAP_THEN" value="true" />
    <option name="CORTEGE_SPACE_BEFORE_L_PAREN" value="false" />
    <option name="EXPR_CASE_WHEN_WRAP" value="false" />
    <option name="EXPR_CASE_THEN_WRAP" value="true" />
    <option name="PRIMARY_KEY_NAME_TEMPLATE" value="{table}_{columns}_pk" />
  </OracleCodeStyleSettings>
  <PostgresCodeStyleSettings version="0">
    <option name="myVersion" value="0" />
    <option name="ALIAS_CASE" value="4" />
    <option name="TYPE_CASE" value="3" />
    <option name="QUERY_TRUE_INDENT" value="false" />
    <option name="QUERY_ALIGN_ELEMENTS" value="false" />
    <option name="QUERY_ALIGN_LINE_COMMENTS" value="false" />
    <option name="INSERT_EL_COMMA" value="2" />
    <option name="SET_EL_WRAP" value="0" />
    <option name="SET_EL_COMMA" value="0" />
    <option name="WITH_EL_WRAP" value="0" />
    <option name="WITH_EL_COMMA" value="0" />
    <option name="SELECT_EL_WRAP" value="3" />
    <option name="SELECT_EL_COMMA" value="2" />
    <option name="FROM_EL_WRAP" value="2" />
    <option name="FROM_EL_COMMA" value="2" />
    <option name="FROM_PLACE_ON" value="10" />
    <option name="WHERE_EL_WRAP" value="3" />
    <option name="WHERE_EL_BOUND" value="2" />
    <option name="ORDER_EL_COMMA" value="2" />
    <option name="TABLE_OPENING" value="1" />
    <option name="TABLE_CONTENT" value="2" />
    <option name="TABLE_CLOSING" value="3" />
    <option name="TABLE_ALTER_INSTRUCTION_ALIGN" value="false" />
    <option name="POST_OPT_WRAP_1" value="true" />
    <option name="POST_OPT_ALIGN" value="false" />
    <option name="ROUTINE_ARG_COMMA" value="2" />
    <option name="ROUTINE_ARG_ALIGN_TYPES" value="true" />
    <option name="IMP_DECLARE_EL_WRAP" value="1" />
    <option name="IMP_IF_THEN_WRAP_THEN" value="true" />
    <option name="CORTEGE_SPACE_BEFORE_L_PAREN" value="false" />
    <option name="EXPR_CASE_WHEN_WRAP" value="false" />
    <option name="EXPR_CASE_THEN_WRAP" value="true" />
    <option name="PRIMARY_KEY_NAME_TEMPLATE" value="{table}_{columns}_pk" />
  </PostgresCodeStyleSettings>
  <SQLiteCodeStyleSettings version="0">
    <option name="myVersion" value="0" />
    <option name="ALIAS_CASE" value="4" />
    <option name="TYPE_CASE" value="3" />
    <option name="QUERY_TRUE_INDENT" value="false" />
    <option name="QUERY_ALIGN_ELEMENTS" value="false" />
    <option name="QUERY_ALIGN_LINE_COMMENTS" value="false" />
    <option name="INSERT_EL_COMMA" value="2" />
    <option name="SET_EL_WRAP" value="0" />
    <option name="SET_EL_COMMA" value="0" />
    <option name="WITH_EL_WRAP" value="0" />
    <option name="WITH_EL_COMMA" value="0" />
    <option name="SELECT_EL_WRAP" value="3" />
    <option name="SELECT_EL_COMMA" value="2" />
    <option name="FROM_EL_WRAP" value="2" />
    <option name="FROM_EL_COMMA" value="2" />
    <option name="FROM_PLACE_ON" value="10" />
    <option name="WHERE_EL_WRAP" value="3" />
    <option name="WHERE_EL_BOUND" value="2" />
    <option name="ORDER_EL_COMMA" value="2" />
    <option name="TABLE_OPENING" value="1" />
    <option name="TABLE_CONTENT" value="2" />
    <option name="TABLE_CLOSING" value="3" />
    <option name="TABLE_ALTER_INSTRUCTION_ALIGN" value="false" />
    <option name="POST_OPT_WRAP_1" value="true" />
    <option name="POST_OPT_ALIGN" value="false" />
    <option name="ROUTINE_ARG_COMMA" value="2" />
    <option name="ROUTINE_ARG_ALIGN_TYPES" value="true" />
    <option name="IMP_DECLARE_EL_WRAP" value="1" />
    <option name="IMP_IF_THEN_WRAP_THEN" value="true" />
    <option name="CORTEGE_SPACE_BEFORE_L_PAREN" value="false" />
    <option name="EXPR_CASE_WHEN_WRAP" value="false" />
    <option name="EXPR_CASE_THEN_WRAP" value="true" />
    <option name="PRIMARY_KEY_NAME_TEMPLATE" value="{table}_{columns}_pk" />
  </SQLiteCodeStyleSettings>
  <SqlCodeStyleSettings version="0">
    <option name="myVersion" value="0" />
    <option name="ALIAS_CASE" value="4" />
    <option name="TYPE_CASE" value="3" />
    <option name="QUERY_TRUE_INDENT" value="false" />
    <option name="QUERY_ALIGN_ELEMENTS" value="false" />
    <option name="QUERY_ALIGN_LINE_COMMENTS" value="false" />
    <option name="INSERT_EL_COMMA" value="2" />
    <option name="SET_EL_WRAP" value="0" />
    <option name="SET_EL_COMMA" value="0" />
    <option name="SET_ALIGN_EQUAL_SIGN" value="false" />
    <option name="WITH_EL_WRAP" value="0" />
    <option name="WITH_EL_COMMA" value="0" />
    <option name="SELECT_EL_WRAP" value="3" />
    <option name="SELECT_EL_COMMA" value="2" />
    <option name="SELECT_ALIGN_AS" value="false" />
    <option name="FROM_EL_WRAP" value="2" />
    <option name="FROM_EL_COMMA" value="2" />
    <option name="FROM_PLACE_ON" value="10" />
    <option name="WHERE_EL_WRAP" value="3" />
    <option name="WHERE_EL_BOUND" value="2" />
    <option name="ORDER_EL_COMMA" value="2" />
    <option name="TABLE_OPENING" value="1" />
    <option name="TABLE_CONTENT" value="2" />
    <option name="TABLE_CLOSING" value="3" />
    <option name="TABLE_TYPES_ALIGN" value="false" />
    <option name="TABLE_DEFAULTS_ALIGN" value="false" />
    <option name="TABLE_NULLABILITIES_ALIGN" value="false" />
    <option name="TABLE_ALTER_INSTRUCTION_ALIGN" value="false" />
    <option name="POST_OPT_WRAP_1" value="true" />
    <option name="POST_OPT_ALIGN" value="false" />
    <option name="ROUTINE_ARG_COMMA" value="2" />
    <option name="IMP_DECLARE_EL_WRAP" value="3" />
    <option name="IMP_DECLARE_ALIGN_TYPE" value="false" />
    <option name="IMP_IF_THEN_WRAP_THEN" value="true" />
    <option name="CORTEGE_SPACE_BEFORE_L_PAREN" value="false" />
    <option name="EXPR_BINARY_OP_ALIGN" value="false" />
    <option name="EXPR_CASE_WHEN_WRAP" value="false" />
    <option name="EXPR_CASE_THEN_WRAP" value="true" />
    <option name="PRIMARY_KEY_NAME_TEMPLATE" value="{table}_{columns}_pk" />
    <option name="ALIGN_AS_IN_SELECT_STATEMENT" value="false" />
    <option name="ALIGN_TYPE_IN_CREATE_STATEMENT" value="false" />
    <option name="ALIGN_TYPE_IN_BLOCK_STATEMENT" value="false" />
    <option name="ALIGN_TYPE_IN_ARGUMENT_DEFINITION" value="false" />
    <option name="ALIGN_INSIDE_BINARY_EXPRESSION" value="false" />
    <option name="ALIGN_INSIDE_QUERY_EXPRESSION" value="false" />
    <option name="ALIGN_EQ_INSIDE_SET_CLAUSE" value="false" />
  </SqlCodeStyleSettings>
  <SybaseCodeStyleSettings version="0">
    <option name="myVersion" value="0" />
    <option name="ALIAS_CASE" value="4" />
    <option name="TYPE_CASE" value="3" />
    <option name="QUERY_TRUE_INDENT" value="false" />
    <option name="QUERY_ALIGN_ELEMENTS" value="false" />
    <option name="QUERY_ALIGN_LINE_COMMENTS" value="false" />
    <option name="INSERT_EL_COMMA" value="2" />
    <option name="SET_EL_WRAP" value="0" />
    <option name="SET_EL_COMMA" value="0" />
    <option name="WITH_EL_WRAP" value="0" />
    <option name="WITH_EL_COMMA" value="0" />
    <option name="SELECT_EL_WRAP" value="3" />
    <option name="SELECT_EL_COMMA" value="2" />
    <option name="FROM_EL_WRAP" value="2" />
    <option name="FROM_EL_COMMA" value="2" />
    <option name="FROM_PLACE_ON" value="10" />
    <option name="WHERE_EL_WRAP" value="3" />
    <option name="WHERE_EL_BOUND" value="2" />
    <option name="ORDER_EL_COMMA" value="2" />
    <option name="TABLE_OPENING" value="1" />
    <option name="TABLE_CONTENT" value="2" />
    <option name="TABLE_CLOSING" value="3" />
    <option name="TABLE_ALTER_INSTRUCTION_ALIGN" value="false" />
    <option name="POST_OPT_WRAP_1" value="true" />
    <option name="POST_OPT_ALIGN" value="false" />
    <option name="ROUTINE_ARG_COMMA" value="2" />
    <option name="ROUTINE_ARG_ALIGN_TYPES" value="true" />
    <option name="IMP_DECLARE_EL_WRAP" value="1" />
    <option name="IMP_IF_THEN_WRAP_THEN" value="true" />
    <option name="CORTEGE_SPACE_BEFORE_L_PAREN" value="false" />
    <option name="EXPR_CASE_WHEN_WRAP" value="false" />
    <option name="EXPR_CASE_THEN_WRAP" value="true" />
    <option name="PRIMARY_KEY_NAME_TEMPLATE" value="{table}_{columns}_pk" />
  </SybaseCodeStyleSettings>
  <TypeScriptCodeStyleSettings version="0">
    <option name="OBJECT_LITERAL_WRAP" value="0" />
    <option name="SPACES_WITHIN_IMPORTS" value="true" />
    <option name="IMPORT_SORT_MODULE_NAME" value="true" />
  </TypeScriptCodeStyleSettings>
  <XML>
    <option name="XML_ATTRIBUTE_WRAP" value="0" />
    <option name="XML_KEEP_LINE_BREAKS_IN_TEXT" value="false" />
    <option name="XML_ALIGN_ATTRIBUTES" value="false" />
    <option name="XML_SPACE_INSIDE_EMPTY_TAG" value="true" />
    <option name="XML_LEGACY_SETTINGS_IMPORTED" value="true" />
  </XML>
  <codeStyleSettings language="Blade">
    <indentOptions>
      <option name="INDENT_SIZE" value="2" />
      <option name="TAB_SIZE" value="2" />
      <option name="USE_TAB_CHARACTER" value="true" />
    </indentOptions>
  </codeStyleSettings>
  <codeStyleSettings language="CSS">
    <indentOptions>
      <option name="INDENT_SIZE" value="2" />
      <option name="CONTINUATION_INDENT_SIZE" value="2" />
      <option name="TAB_SIZE" value="2" />
      <option name="USE_TAB_CHARACTER" value="true" />
      <option name="SMART_TABS" value="true" />
    </indentOptions>
  </codeStyleSettings>
  <codeStyleSettings language="CoffeeScript">
    <option name="KEEP_BLANK_LINES_IN_CODE" value="1" />
    <indentOptions>
      <option name="USE_TAB_CHARACTER" value="true" />
    </indentOptions>
  </codeStyleSettings>
  <codeStyleSettings language="DB2">
    <indentOptions>
      <option name="CONTINUATION_INDENT_SIZE" value="2" />
      <option name="USE_TAB_CHARACTER" value="true" />
    </indentOptions>
  </codeStyleSettings>
  <codeStyleSettings language="Derby">
    <indentOptions>
      <option name="CONTINUATION_INDENT_SIZE" value="2" />
      <option name="USE_TAB_CHARACTER" value="true" />
    </indentOptions>
  </codeStyleSettings>
  <codeStyleSettings language="Gherkin">
    <indentOptions>
      <option name="TAB_SIZE" value="2" />
      <option name="USE_TAB_CHARACTER" value="true" />
    </indentOptions>
  </codeStyleSettings>
  <codeStyleSettings language="H2">
    <indentOptions>
      <option name="CONTINUATION_INDENT_SIZE" value="2" />
      <option name="USE_TAB_CHARACTER" value="true" />
    </indentOptions>
  </codeStyleSettings>
  <codeStyleSettings language="HAML">
    <indentOptions>
      <option name="TAB_SIZE" value="2" />
      <option name="USE_TAB_CHARACTER" value="true" />
    </indentOptions>
  </codeStyleSettings>
  <codeStyleSettings language="HSQLDB">
    <indentOptions>
      <option name="CONTINUATION_INDENT_SIZE" value="2" />
      <option name="USE_TAB_CHARACTER" value="true" />
    </indentOptions>
  </codeStyleSettings>
  <codeStyleSettings language="HTML">
    <indentOptions>
      <option name="INDENT_SIZE" value="2" />
      <option name="CONTINUATION_INDENT_SIZE" value="2" />
      <option name="TAB_SIZE" value="2" />
      <option name="SMART_TABS" value="true" />
    </indentOptions>
  </codeStyleSettings>
  <codeStyleSettings language="JAVA">
    <option name="KEEP_BLANK_LINES_IN_DECLARATIONS" value="1" />
    <option name="KEEP_BLANK_LINES_IN_CODE" value="1" />
    <option name="KEEP_BLANK_LINES_BEFORE_RBRACE" value="1" />
    <option name="ELSE_ON_NEW_LINE" value="true" />
    <option name="CATCH_ON_NEW_LINE" value="true" />
    <option name="FINALLY_ON_NEW_LINE" value="true" />
    <option name="SPACE_BEFORE_ARRAY_INITIALIZER_LBRACE" value="true" />
    <option name="METHOD_CALL_CHAIN_WRAP" value="2" />
    <option name="TERNARY_OPERATION_WRAP" value="2" />
    <option name="TERNARY_OPERATION_SIGNS_ON_NEXT_LINE" value="true" />
    <option name="KEEP_SIMPLE_METHODS_IN_ONE_LINE" value="true" />
    <option name="KEEP_SIMPLE_CLASSES_IN_ONE_LINE" value="true" />
    <option name="IF_BRACE_FORCE" value="3" />
    <option name="DOWHILE_BRACE_FORCE" value="3" />
    <option name="WHILE_BRACE_FORCE" value="3" />
    <option name="FOR_BRACE_FORCE" value="3" />
    <indentOptions>
      <option name="INDENT_SIZE" value="2" />
      <option name="CONTINUATION_INDENT_SIZE" value="4" />
      <option name="TAB_SIZE" value="2" />
      <option name="USE_TAB_CHARACTER" value="true" />
    </indentOptions>
  </codeStyleSettings>
  <codeStyleSettings language="JSON">
    <option name="KEEP_BLANK_LINES_IN_CODE" value="1" />
    <indentOptions>
      <option name="CONTINUATION_INDENT_SIZE" value="2" />
      <option name="TAB_SIZE" value="2" />
      <option name="USE_TAB_CHARACTER" value="true" />
      <option name="SMART_TABS" value="true" />
    </indentOptions>
  </codeStyleSettings>
  <codeStyleSettings language="JavaScript">
    <option name="KEEP_BLANK_LINES_IN_CODE" value="1" />
    <option name="ELSE_ON_NEW_LINE" value="true" />
    <option name="ALIGN_MULTILINE_PARAMETERS" value="false" />
    <option name="METHOD_CALL_CHAIN_WRAP" value="2" />
    <option name="TERNARY_OPERATION_WRAP" value="2" />
    <option name="TERNARY_OPERATION_SIGNS_ON_NEXT_LINE" value="true" />
    <option name="ARRAY_INITIALIZER_WRAP" value="2" />
    <option name="ARRAY_INITIALIZER_LBRACE_ON_NEXT_LINE" value="true" />
    <option name="ARRAY_INITIALIZER_RBRACE_ON_NEXT_LINE" value="true" />
    <option name="IF_BRACE_FORCE" value="3" />
    <option name="DOWHILE_BRACE_FORCE" value="3" />
    <option name="WHILE_BRACE_FORCE" value="3" />
    <indentOptions>
      <option name="INDENT_SIZE" value="2" />
      <option name="CONTINUATION_INDENT_SIZE" value="2" />
      <option name="TAB_SIZE" value="2" />
      <option name="USE_TAB_CHARACTER" value="true" />
    </indentOptions>
  </codeStyleSettings>
  <codeStyleSettings language="LESS">
    <indentOptions>
      <option name="TAB_SIZE" value="2" />
      <option name="USE_TAB_CHARACTER" value="true" />
    </indentOptions>
  </codeStyleSettings>
  <codeStyleSettings language="MySQL">
    <indentOptions>
      <option name="CONTINUATION_INDENT_SIZE" value="2" />
      <option name="USE_TAB_CHARACTER" value="true" />
    </indentOptions>
  </codeStyleSettings>
  <codeStyleSettings language="Oracle">
    <indentOptions>
      <option name="CONTINUATION_INDENT_SIZE" value="2" />
      <option name="USE_TAB_CHARACTER" value="true" />
    </indentOptions>
  </codeStyleSettings>
  <codeStyleSettings language="PHP">
    <option name="LINE_COMMENT_AT_FIRST_COLUMN" value="false" />
    <option name="KEEP_BLANK_LINES_IN_DECLARATIONS" value="1" />
    <option name="KEEP_BLANK_LINES_IN_CODE" value="1" />
    <option name="KEEP_BLANK_LINES_BEFORE_RBRACE" value="0" />
    <option name="BLANK_LINES_AFTER_PACKAGE" value="1" />
    <option name="BLANK_LINES_AFTER_CLASS_HEADER" value="1" />
    <option name="CLASS_BRACE_STYLE" value="1" />
    <option name="METHOD_BRACE_STYLE" value="1" />
    <option name="ALIGN_MULTILINE_PARAMETERS" value="false" />
    <option name="ALIGN_MULTILINE_EXTENDS_LIST" value="true" />
    <option name="SPACE_AFTER_TYPE_CAST" value="true" />
    <option name="ARRAY_INITIALIZER_WRAP" value="2" />
    <option name="ARRAY_INITIALIZER_LBRACE_ON_NEXT_LINE" value="true" />
    <option name="ARRAY_INITIALIZER_RBRACE_ON_NEXT_LINE" value="true" />
    <option name="IF_BRACE_FORCE" value="3" />
    <option name="DOWHILE_BRACE_FORCE" value="3" />
    <option name="WHILE_BRACE_FORCE" value="3" />
    <option name="FOR_BRACE_FORCE" value="3" />
    <indentOptions>
      <option name="INDENT_SIZE" value="2" />
      <option name="CONTINUATION_INDENT_SIZE" value="2" />
      <option name="TAB_SIZE" value="2" />
      <option name="USE_TAB_CHARACTER" value="true" />
      <option name="SMART_TABS" value="true" />
    </indentOptions>
    <arrangement>
      <groups />
    </arrangement>
  </codeStyleSettings>
  <codeStyleSettings language="PostgreSQL">
    <indentOptions>
      <option name="CONTINUATION_INDENT_SIZE" value="2" />
      <option name="USE_TAB_CHARACTER" value="true" />
    </indentOptions>
  </codeStyleSettings>
  <codeStyleSettings language="SASS">
    <indentOptions>
      <option name="TAB_SIZE" value="2" />
      <option name="USE_TAB_CHARACTER" value="true" />
    </indentOptions>
  </codeStyleSettings>
  <codeStyleSettings language="SCSS">
    <indentOptions>
      <option name="CONTINUATION_INDENT_SIZE" value="2" />
      <option name="TAB_SIZE" value="2" />
      <option name="USE_TAB_CHARACTER" value="true" />
      <option name="SMART_TABS" value="true" />
    </indentOptions>
  </codeStyleSettings>
  <codeStyleSettings language="SQL">
    <indentOptions>
      <option name="CONTINUATION_INDENT_SIZE" value="2" />
      <option name="USE_TAB_CHARACTER" value="true" />
    </indentOptions>
  </codeStyleSettings>
  <codeStyleSettings language="SQLite">
    <indentOptions>
      <option name="CONTINUATION_INDENT_SIZE" value="2" />
      <option name="USE_TAB_CHARACTER" value="true" />
    </indentOptions>
  </codeStyleSettings>
  <codeStyleSettings language="Sybase">
    <indentOptions>
      <option name="CONTINUATION_INDENT_SIZE" value="2" />
      <option name="USE_TAB_CHARACTER" value="true" />
    </indentOptions>
  </codeStyleSettings>
  <codeStyleSettings language="TSQL">
    <indentOptions>
      <option name="CONTINUATION_INDENT_SIZE" value="2" />
      <option name="USE_TAB_CHARACTER" value="true" />
    </indentOptions>
  </codeStyleSettings>
  <codeStyleSettings language="Twig">
    <indentOptions>
      <option name="INDENT_SIZE" value="2" />
      <option name="CONTINUATION_INDENT_SIZE" value="2" />
      <option name="TAB_SIZE" value="2" />
      <option name="USE_TAB_CHARACTER" value="true" />
      <option name="SMART_TABS" value="true" />
    </indentOptions>
  </codeStyleSettings>
  <codeStyleSettings language="TypeScript">
    <option name="KEEP_BLANK_LINES_IN_CODE" value="1" />
    <option name="BLANK_LINES_AROUND_FIELD" value="1" />
    <option name="ELSE_ON_NEW_LINE" value="true" />
    <option name="METHOD_PARAMETERS_WRAP" value="2" />
    <option name="METHOD_PARAMETERS_LPAREN_ON_NEXT_LINE" value="true" />
    <option name="METHOD_PARAMETERS_RPAREN_ON_NEXT_LINE" value="true" />
    <option name="METHOD_CALL_CHAIN_WRAP" value="1" />
    <option name="TERNARY_OPERATION_WRAP" value="2" />
    <option name="TERNARY_OPERATION_SIGNS_ON_NEXT_LINE" value="true" />
    <option name="ARRAY_INITIALIZER_WRAP" value="5" />
    <option name="ARRAY_INITIALIZER_LBRACE_ON_NEXT_LINE" value="true" />
    <option name="ARRAY_INITIALIZER_RBRACE_ON_NEXT_LINE" value="true" />
    <option name="IF_BRACE_FORCE" value="3" />
    <option name="DOWHILE_BRACE_FORCE" value="3" />
    <option name="WHILE_BRACE_FORCE" value="3" />
    <indentOptions>
      <option name="INDENT_SIZE" value="2" />
      <option name="CONTINUATION_INDENT_SIZE" value="2" />
      <option name="TAB_SIZE" value="2" />
    </indentOptions>
  </codeStyleSettings>
  <codeStyleSettings language="XML">
    <indentOptions>
      <option name="INDENT_SIZE" value="2" />
      <option name="CONTINUATION_INDENT_SIZE" value="2" />
      <option name="TAB_SIZE" value="2" />
      <option name="USE_TAB_CHARACTER" value="true" />
    </indentOptions>
  </codeStyleSettings>
</code_scheme>