<application>
  <component name="LocalDatabaseDriverManager" version="201">
    <driver id="db2" name="DB2 (LUW)" />
    <driver id="db2.jtopen" name="DB2 (JTOpen)" />
    <driver id="derby.embedded" name="Derby (Embedded)" />
    <driver id="derby.remote" name="Derby (Remote)" />
    <driver id="mongo">
      <artifact id="MongoDB" name="MongoDB" use="true" version="1.11" />
    </driver>
    <driver id="sqlserver.ms" name="SQL Server (Microsoft)" />
    <driver id="sqlserver.jtds" name="SQL Server (jTds)" />
    <driver id="mysql" name="MySQL">
      <property name="autoReconnect" value="true" />
    </driver>
    <driver id="oracle" name="Oracle" />
    <driver id="sqlite.xerial" name="Sqlite (Xerial)" />
    <driver id="sybase.ase" name="Sybase (Native)" />
  </component>
</application>