<application>
  <component name="FileTypeManager" version="18">
    <extensionMap>
      <mapping pattern="AntraegePlugin" type="DTD" />
      <mapping ext="space.kts" type="Kotlin" />
      <mapping ext="gradle.kts" type="Kotlin" />
      <mapping ext="main.kts" type="Kotlin" />
      <mapping pattern="jetty-xml" type="PLAIN_TEXT" />
      <mapping pattern="jetty.xml" type="PLAIN_TEXT" />
      <mapping pattern=".gitkeep" type="PLAIN_TEXT" />
      <removed_mapping ext="apk" approved="true" type="ARCHIVE" />
      <removed_mapping ext="psd" approved="true" type="Image" />
      <mapping ext="tsconfig" type="TypoScript File" />
      <mapping pattern="apps-baufinanzierungsantrag.conf" type="htaccess" />
    </extensionMap>
  </component>
</application>