<application>
  <component name="FindSettings">
    <option name="customScope" value="All Places" />
    <option name="defaultScopeName" value="All Places" />
    <option name="SEARCH_SCOPE" value="All Places" />
    <option name="FILE_MASK" value="*.*" />
    <mask>*.properties</mask>
    <mask>*.jsp</mask>
    <mask>*.xml</mask>
    <mask>*.java</mask>
    <mask>*.as</mask>
    <mask>*.css</mask>
    <mask>*.mxml</mask>
    <mask>*.module.ts</mask>
    <mask>*Adapter*</mask>
    <mask>*.php</mask>
    <mask>!*.scss</mask>
    <mask>*.html</mask>
    <mask>*.typoscript</mask>
    <mask>*.scss</mask>
    <mask>*.js</mask>
    <mask>*spec.ts</mask>
    <mask>*.spec.ts</mask>
    <mask>*.ts</mask>
    <mask>*.*</mask>
  </component>
</application>