<application>
  <component name="GitRememberedInputs">
    <option name="visitedUrls">
      <list>
        <UrlAndUserName>
          <option name="url" value="http://github.com" />
          <option name="userName" value="hypomn" />
        </UrlAndUserName>
        <UrlAndUserName>
          <option name="url" value="http://bitbucket.org" />
          <option name="userName" value="hypoport-thomas-lack" />
        </UrlAndUserName>
        <UrlAndUserName>
          <option name="url" value="http://git.pkit.hypoport.local" />
          <option name="userName" value="thomas.lack" />
        </UrlAndUserName>
      </list>
    </option>
  </component>
  <component name="Vcs.Log.App.Settings">
    <option name="SHOW_TAG_NAMES" value="true" />
    <option name="SHOW_CHANGES_FROM_PARENTS" value="true" />
    <option name="COLUMN_ID_ORDER">
      <list>
        <option value="Default.Root" />
        <option value="Default.Subject" />
        <option value="Default.Author" />
        <option value="Default.Date" />
      </list>
    </option>
    <option name="COLUMN_ID_VISIBILITY">
      <map>
        <entry key="Table.Default.Hash.ColumnIdVisibility" value="false" />
      </map>
    </option>
  </component>
  <component name="VcsApplicationSettings">
    <option name="PATCH_STORAGE_LOCATION" value="C:\Users\markus.nakhlah\AppData\Local\Temp" />
  </component>
</application>